SrcWell,Destination Well,Volume
B23,A1,1500.0
G1,A2,5.0
B23,A2,1495.0
G1,A3,35.0
B23,A3,1465.0
G1,A4,117.5
B23,A4,820.0
G1,A5,280.0
B24,A5,1220.0
G1,A6,547.5
B24,A6,952.5
G1,A7,945.0
B24,A7,555.0
G1,A8,1500.0
B24,A9,1500.0
G3,A10,5.0
B24,A10,1495.0
G3,A11,35.0
B24,A11,1465.0
G3,A12,117.5
B24,A12,750.0
G3,A13,280.0
C1,A13,1220.0
G3,A14,547.5
C1,A14,952.5
G3,A15,945.0
C1,A15,555.0
G3,A16,1500.0
C1,A17,1500.0
G5,A18,5.0
C1,A18,1495.0
G5,A19,35.0
C1,A19,1465.0
G5,A20,117.5
C1,A20,680.0
G5,A21,280.0
C2,A21,1220.0
G5,A22,547.5
C2,A22,952.5
G5,A23,945.0
C2,A23,555.0
G5,A24,1500.0
C2,B1,1500.0
G7,B2,5.0
C2,B2,1495.0
G7,B3,35.0
C2,B3,1465.0
G7,B4,117.5
C2,B4,610.0
G7,B5,280.0
C3,B5,1220.0
G7,B6,547.5
C3,B6,952.5
G7,B7,945.0
C3,B7,555.0
G7,B8,1500.0
C3,B9,1500.0
G9,B10,5.0
C3,B10,1495.0
G9,B11,35.0
C3,B11,1465.0
G9,B12,117.5
C3,B12,540.0
G9,B13,280.0
C4,B13,1220.0
G9,B14,547.5
C4,B14,952.5
G9,B15,945.0
C4,B15,555.0
G9,B16,1500.0
C4,B17,1500.0
G11,B18,5.0
C4,B18,1495.0
G11,B19,35.0
C4,B19,1465.0
G11,B20,117.5
C4,B20,470.0
G11,B21,280.0
C5,B21,1220.0
G11,B22,547.5
C5,B22,952.5
G11,B23,945.0
C5,B23,555.0
G11,B24,1500.0
C5,C1,1500.0
G13,C2,5.0
C5,C2,1495.0
G13,C3,35.0
C5,C3,1465.0
G13,C4,117.5
C5,C4,400.0
G13,C5,280.0
C6,C5,1220.0
G13,C6,547.5
C6,C6,952.5
G13,C7,945.0
C6,C7,555.0
G13,C8,1500.0
C6,C9,1500.0
G15,C10,5.0
C6,C10,1495.0
G15,C11,35.0
C6,C11,1465.0
G15,C12,117.5
C6,C12,330.0
G15,C13,280.0
C7,C13,1220.0
G15,C14,547.5
C7,C14,952.5
G15,C15,945.0
C7,C15,555.0
G15,C16,1500.0
C7,C17,1500.0
G17,C18,5.0
C7,C18,1495.0
G17,C19,35.0
C7,C19,1465.0
G17,C20,117.5
C7,C20,260.0
G17,C21,280.0
C8,C21,1220.0
G17,C22,547.5
C8,C22,952.5
G17,C23,945.0
C8,C23,555.0
G17,C24,1500.0
C8,D1,1500.0
G19,D2,5.0
C8,D2,1495.0
G19,D3,35.0
C8,D3,1465.0
G19,D4,117.5
C8,D4,190.0
G19,D5,280.0
C9,D5,1220.0
G19,D6,547.5
C9,D6,952.5
G19,D7,945.0
C9,D7,555.0
G19,D8,1500.0
C9,D9,1500.0
G21,D10,5.0
C9,D10,1495.0
G21,D11,35.0
C9,D11,1465.0
G21,D12,117.5
C9,D12,120.0
G21,D13,280.0
C10,D13,1220.0
G21,D14,547.5
C10,D14,952.5
G21,D15,945.0
C10,D15,555.0
G21,D16,1500.0
C10,D17,1500.0
G23,D18,5.0
C10,D18,1495.0
G23,D19,35.0
C10,D19,1465.0
G23,D20,117.5
C10,D20,50.0
G23,D21,280.0
C11,D21,1220.0
G23,D22,547.5
C11,D22,952.5
G23,D23,945.0
C11,D23,555.0
G23,D24,1500.0
C11,E1,1500.0
H1,E2,5.0
C11,E2,1495.0
H1,E3,35.0
C11,E3,1445.0
H1,E4,117.5
C12,E4,1382.5
H1,E5,280.0
C12,E5,1220.0
H1,E6,547.5
C12,E6,952.5
H1,E7,945.0
C12,E7,555.0
H1,E8,1500.0
C12,E9,1500.0
H3,E10,5.0
C12,E10,1495.0
H3,E11,35.0
C12,E11,1375.0
H3,E12,117.5
C13,E12,1382.5
H3,E13,280.0
C13,E13,1220.0
H3,E14,547.5
C13,E14,952.5
H3,E15,945.0
C13,E15,555.0
H3,E16,1500.0
C13,E17,1500.0
H5,E18,5.0
C13,E18,1495.0
H5,E19,35.0
C13,E19,1305.0
H5,E20,117.5
C14,E20,1382.5
H5,E21,280.0
C14,E21,1220.0
H5,E22,547.5
C14,E22,952.5
H5,E23,945.0
C14,E23,555.0
H5,E24,1500.0
C14,F1,1500.0
H7,F2,5.0
C14,F2,1495.0
H7,F3,35.0
C14,F3,1235.0
H7,F4,117.5
C15,F4,1382.5
H7,F5,280.0
C15,F5,1220.0
H7,F6,547.5
C15,F6,952.5
H7,F7,945.0
C15,F7,555.0
H7,F8,1500.0
C15,F9,1500.0
H9,F10,5.0
C15,F10,1495.0
H9,F11,35.0
C15,F11,1165.0
H9,F12,117.5
C16,F12,1382.5
H9,F13,280.0
C16,F13,1220.0
H9,F14,547.5
C16,F14,952.5
H9,F15,945.0
C16,F15,555.0
H9,F16,1500.0
C16,F17,1500.0
H11,F18,5.0
C16,F18,1495.0
H11,F19,35.0
C16,F19,1095.0
H11,F20,117.5
C17,F20,1382.5
H11,F21,280.0
C17,F21,1220.0
H11,F22,547.5
C17,F22,952.5
H11,F23,945.0
C17,F23,555.0
H11,F24,1500.0
C17,G1,1500.0
H13,G2,5.0
C17,G2,1495.0
H13,G3,35.0
C17,G3,1025.0
H13,G4,117.5
C18,G4,1382.5
H13,G5,280.0
C18,G5,1220.0
H13,G6,547.5
C18,G6,952.5
H13,G7,945.0
C18,G7,555.0
H13,G8,1500.0
C18,G9,1500.0
H15,G10,5.0
C18,G10,1495.0
H15,G11,35.0
C18,G11,955.0
H15,G12,117.5
C19,G12,1382.5
H15,G13,280.0
C19,G13,1220.0
H15,G14,547.5
C19,G14,952.5
H15,G15,945.0
C19,G15,555.0
H15,G16,1500.0
C19,G17,1500.0
H17,G18,5.0
C19,G18,1495.0
H17,G19,35.0
C19,G19,885.0
H17,G20,117.5
C20,G20,1382.5
H17,G21,280.0
C20,G21,1220.0
H17,G22,547.5
C20,G22,952.5
H17,G23,945.0
C20,G23,555.0
H17,G24,1500.0
C20,H1,1500.0
H19,H2,5.0
C20,H2,1495.0
H19,H3,35.0
C20,H3,815.0
H19,H4,117.5
C21,H4,1382.5
H19,H5,280.0
C21,H5,1220.0
H19,H6,547.5
C21,H6,952.5
H19,H7,945.0
C21,H7,555.0
H19,H8,1500.0
C21,H9,1500.0
H21,H10,5.0
C21,H10,1495.0
H21,H11,35.0
C21,H11,745.0
H21,H12,117.5
C22,H12,1382.5
H21,H13,280.0
C22,H13,1220.0
H21,H14,547.5
C22,H14,952.5
H21,H15,945.0
C22,H15,555.0
H21,H16,1500.0
C22,H17,1500.0
H23,H18,5.0
C22,H18,1495.0
H23,H19,35.0
C22,H19,675.0
H23,H20,117.5
C23,H20,1382.5
H23,H21,280.0
C23,H21,1220.0
H23,H22,547.5
C23,H22,952.5
H23,H23,945.0
C23,H23,555.0
H23,H24,1500.0
C23,I1,1500.0
I1,I2,5.0
C23,I2,1495.0
I1,I3,35.0
C23,I3,605.0
I1,I4,117.5
C24,I4,1382.5
I1,I5,280.0
C24,I5,1220.0
I1,I6,547.5
C24,I6,952.5
I1,I7,945.0
C24,I7,555.0
I1,I8,1500.0
C24,I9,1500.0
I3,I10,5.0
C24,I10,1495.0
I3,I11,35.0
C24,I11,535.0
I3,I12,117.5
D1,I12,1382.5
I3,I13,280.0
D1,I13,1220.0
I3,I14,547.5
D1,I14,952.5
I3,I15,945.0
D1,I15,555.0
I3,I16,1500.0
D1,I17,1500.0
I5,I18,5.0
D1,I18,1495.0
I5,I19,35.0
D1,I19,465.0
I5,I20,117.5
D2,I20,1382.5
I5,I21,280.0
D2,I21,1220.0
I5,I22,547.5
D2,I22,952.5
I5,I23,945.0
D2,I23,555.0
I5,I24,1500.0
D2,J1,1500.0
I7,J2,5.0
D2,J2,1495.0
I7,J3,35.0
D2,J3,395.0
I7,J4,117.5
D3,J4,1382.5
I7,J5,280.0
D3,J5,1220.0
I7,J6,547.5
D3,J6,952.5
I7,J7,945.0
D3,J7,555.0
I7,J8,1500.0
D3,J9,1500.0
I9,J10,5.0
D3,J10,1495.0
I9,J11,35.0
D3,J11,325.0
I9,J12,117.5
D4,J12,1382.5
I9,J13,280.0
D4,J13,1220.0
I9,J14,547.5
D4,J14,952.5
I9,J15,945.0
D4,J15,555.0
I9,J16,1500.0
D4,J17,1500.0
I11,J18,5.0
D4,J18,1495.0
I11,J19,35.0
D4,J19,255.0
I11,J20,117.5
D5,J20,1382.5
I11,J21,280.0
D5,J21,1220.0
I11,J22,547.5
D5,J22,952.5
I11,J23,945.0
D5,J23,555.0
I11,J24,1500.0
D5,K1,1500.0
I13,K2,5.0
D5,K2,1495.0
I13,K3,35.0
D5,K3,185.0
I13,K4,117.5
D6,K4,1382.5
I13,K5,280.0
D6,K5,1220.0
I13,K6,547.5
D6,K6,952.5
I13,K7,945.0
D6,K7,555.0
I13,K8,1500.0
D6,K9,1500.0
I15,K10,5.0
D6,K10,1495.0
I15,K11,35.0
D6,K11,115.0
I15,K12,117.5
D7,K12,1382.5
I15,K13,280.0
D7,K13,1220.0
I15,K14,547.5
D7,K14,952.5
I15,K15,945.0
D7,K15,555.0
I15,K16,1500.0
D7,K17,1500.0
I17,K18,5.0
D7,K18,1495.0
I17,K19,35.0
D7,K19,45.0
I17,K20,117.5
D8,K20,1382.5
I17,K21,280.0
D8,K21,1220.0
I17,K22,547.5
D8,K22,952.5
I17,K23,945.0
D8,K23,555.0
I17,K24,1500.0
D8,L1,1500.0
I19,L2,5.0
D8,L2,1470.0
I19,L3,35.0
D9,L3,1465.0
I19,L4,117.5
D9,L4,1382.5
I19,L5,280.0
D9,L5,1220.0
I19,L6,547.5
D9,L6,952.5
I19,L7,945.0
D9,L7,555.0
I19,L8,1500.0
D9,L9,1500.0
I21,L10,5.0
D9,L10,1400.0
I21,L11,35.0
D10,L11,1465.0
I21,L12,117.5
D10,L12,1382.5
I21,L13,280.0
D10,L13,1220.0
I21,L14,547.5
D10,L14,952.5
I21,L15,945.0
D10,L15,555.0
I21,L16,1500.0
D10,L17,1500.0
I23,L18,5.0
D10,L18,1330.0
I23,L19,35.0
D11,L19,1465.0
I23,L20,117.5
D11,L20,1382.5
I23,L21,280.0
D11,L21,1220.0
I23,L22,547.5
D11,L22,952.5
I23,L23,945.0
D11,L23,555.0
I23,L24,1500.0
D11,M1,1500.0
J1,M2,5.0
D11,M2,1260.0
J1,M3,35.0
D12,M3,1465.0
J1,M4,117.5
D12,M4,1382.5
J1,M5,280.0
D12,M5,1220.0
J1,M6,547.5
D12,M6,952.5
J1,M7,945.0
D12,M7,555.0
J1,M8,1500.0
D12,M9,1500.0
J3,M10,5.0
D12,M10,1190.0
J3,M11,35.0
D13,M11,1465.0
J3,M12,117.5
D13,M12,1382.5
J3,M13,280.0
D13,M13,1220.0
J3,M14,547.5
D13,M14,952.5
J3,M15,945.0
D13,M15,555.0
J3,M16,1500.0
D13,M17,1500.0
J5,M18,5.0
D13,M18,1120.0
J5,M19,35.0
D14,M19,1465.0
J5,M20,117.5
D14,M20,1382.5
J5,M21,280.0
D14,M21,1220.0
J5,M22,547.5
D14,M22,952.5
J5,M23,945.0
D14,M23,555.0
J5,M24,1500.0
D14,N1,1500.0
J7,N2,5.0
D14,N2,1050.0
J7,N3,35.0
D15,N3,1465.0
J7,N4,117.5
D15,N4,1382.5
J7,N5,280.0
D15,N5,1220.0
J7,N6,547.5
D15,N6,952.5
J7,N7,945.0
D15,N7,555.0
J7,N8,1500.0
D15,N9,1500.0
J9,N10,5.0
D15,N10,980.0
J9,N11,35.0
D16,N11,1465.0
J9,N12,117.5
D16,N12,1382.5
J9,N13,280.0
D16,N13,1220.0
J9,N14,547.5
D16,N14,952.5
J9,N15,945.0
D16,N15,555.0
J9,N16,1500.0
D16,N17,1500.0
J11,N18,5.0
D16,N18,910.0
J11,N19,35.0
D17,N19,1465.0
J11,N20,117.5
D17,N20,1382.5
J11,N21,280.0
D17,N21,1220.0
J11,N22,547.5
D17,N22,952.5
J11,N23,945.0
D17,N23,555.0
J11,N24,1500.0
D17,O1,1500.0
J13,O2,5.0
D17,O2,840.0
J13,O3,35.0
D18,O3,1465.0
J13,O4,117.5
D18,O4,1382.5
J13,O5,280.0
D18,O5,1220.0
J13,O6,547.5
D18,O6,952.5
J13,O7,945.0
D18,O7,555.0
J13,O8,1500.0
D18,O9,1500.0
J15,O10,5.0
D18,O10,770.0
J15,O11,35.0
D19,O11,1465.0
J15,O12,117.5
D19,O12,1382.5
J15,O13,280.0
D19,O13,1220.0
J15,O14,547.5
D19,O14,952.5
J15,O15,945.0
D19,O15,555.0
J15,O16,1500.0
D19,O17,1500.0
J17,O18,5.0
D19,O18,700.0
J17,O19,35.0
D20,O19,1465.0
J17,O20,117.5
D20,O20,1382.5
J17,O21,280.0
D20,O21,1220.0
J17,O22,547.5
D20,O22,952.5
J17,O23,945.0
D20,O23,555.0
J17,O24,1500.0
D20,P1,1500.0
J19,P2,5.0
D20,P2,630.0
J19,P3,35.0
D21,P3,1465.0
J19,P4,117.5
D21,P4,1382.5
J19,P5,280.0
D21,P5,1220.0
J19,P6,547.5
D21,P6,952.5
J19,P7,945.0
D21,P7,555.0
J19,P8,1500.0
